absolvation_year,country,password,firstname,city,phone_number,email,age,username,lastname
12,d17,d12,d14,d16,1123,d13@yahoo.com,11,d11,d15
22,d27,d22,d24,d26,2345,d23@yahoo.com,21,d21,d25
12,d17,d12,d14,d16,1123,d13@yahoo.com,11,d11,d15
22,d27,d22,d24,d26,2345,d23@yahoo.com,21,d21,d25
12,d17,d12,d14,d16,1123,d13@yahoo.com,11,d11,d15
22,d27,d22,d24,d26,2345,d23@yahoo.com,21,d21,d25
12,d17,d12,d14,d16,1123,d13@yahoo.com,11,d11,d15
22,d27,d22,d24,d26,2345,d23@yahoo.com,21,d21,d25
12,d17,d12,d14,d16,1123,d13@yahoo.com,11,d11,d15
22,d27,d22,d24,d26,2345,d23@yahoo.com,21,d21,d25
12,d17,d12,d14,d16,1123,d13@yahoo.com,11,d11,d15
22,d27,d22,d24,d26,2345,d23@yahoo.com,21,d21,d25
12,d17,d12,d14,d16,1123,d13@yahoo.com,11,d11,d15
22,d27,d22,d24,d26,2345,d23@yahoo.com,21,d21,d25
12,d17,d12,d14,d16,1123,d13@yahoo.com,11,d11,d15
22,d27,d22,d24,d26,2345,d23@yahoo.com,21,d21,d25
12,d17,d12,d14,d16,1123,d13@yahoo.com,11,d11,d15
22,d27,d22,d24,d26,2345,d23@yahoo.com,21,d21,d25
12,d17,d12,d14,d16,1123,d13@yahoo.com,11,d11,d15
22,d27,d22,d24,d26,2345,d23@yahoo.com,21,d21,d25
12,d17,d12,d14,d16,1123,d13@yahoo.com,11,d11,d15
22,d27,d22,d24,d26,2345,d23@yahoo.com,21,d21,d25
12,d17,d12,d14,d16,1123,d13@yahoo.com,11,d11,d15
22,d27,d22,d24,d26,2345,d23@yahoo.com,21,d21,d25
12,d17,d12,d14,d16,1123,d13@yahoo.com,11,d11,d15
22,d27,d22,d24,d26,2345,d23@yahoo.com,21,d21,d25
12,d17,d12,d14,d16,1123,d13@yahoo.com,11,d11,d15
22,d27,d22,d24,d26,2345,d23@yahoo.com,21,d21,d25
12,d17,d12,d14,d16,1123,d13@yahoo.com,11,d11,d15
22,d27,d22,d24,d26,2345,d23@yahoo.com,21,d21,d25
12,d17,d12,d14,d16,1123,d13@yahoo.com,11,d11,d15
22,d27,d22,d24,d26,2345,d23@yahoo.com,21,d21,d25
12,d17,d12,d14,d16,1123,d13@yahoo.com,11,d11,d15
22,d27,d22,d24,d26,2345,d23@yahoo.com,21,d21,d25
12,d17,d12,d14,d16,1123,d13@yahoo.com,11,d11,d15
22,d27,d22,d24,d26,2345,d23@yahoo.com,21,d21,d25
13,country1,d12,d14,city1,1234,d13@yahoo.com,12345,d11,d15
13,country1,d22,d24,city1,1234,d23@yahoo.com,12345,d21,d25
13,country1,d32,d34,city1,1234,d33@yahoo.com,12345,d31,d35
13,country1,d42,d44,city1,1234,d43@yahoo.com,12345,d41,d45
13,country1,d52,d54,city1,1234,d53@yahoo.com,12345,d51,d55
13,country1,d62,d64,city1,1234,d63@yahoo.com,12345,d61,d65
13,country1,d72,d74,city1,1234,d73@yahoo.com,12345,d71,d75
